[
    {
        "jurisdiction": "JFSA",
        "datasource": "config/jfsa/datasource.json",
        "dataSourceKey": "FieldName",
        "displayKey": "FieldDesc",
        "report": [
            {"name": "TradeState", "path": "config/jfsa/TradeState.json"},
            {"name": "Valuation", "path": "config/jfsa/Valuation.json"}
        ]
    },
    {
        "jurisdiction": "ASIC",
        "datasource": "config/asic/datasource.json",
        "dataSourceKey": "FieldName",
        "displayKey": "FieldDesc",
        "report": [
            {"name": "TradeState", "path": "config/asic/TradeState.json"},
            {"name": "Valuation", "path": "config/asic/Valuation.json"}
        ]
    },
    {
        "jurisdiction": "HKMA",
        "datasource": "config/hkma/datasource.json",
        "dataSourceKey": "FieldName",
        "displayKey": "FieldDesc",
        "report": [
            {"name": "TradeState", "path": "config/hkma/TradeState.json"},
            {"name": "Valuation", "path": "config/hkma/Valuation.json"}
        ]
    }
]