[
    {
        "name": "N_NOTIONAL_AMOUNT",
        "sourceFile": "JFSA_CR_Field.xslt",
        "codeSnippet": "<xsl:variable name=\"status_message\">\n                <xsl:choose>\n                    <xsl:when test=\"$stock_level &gt; 100\">\n                        <!-- Note: Use &gt; for > in XML attributes -->\n                        In Stock (High)\n                    </xsl:when>\n                    <xsl:when test=\"$stock_level &gt; 0\">\n                        In Stock (Low)\n                    </xsl:when>\n                    <xsl:otherwise>\n                        Out of Stock\n                    </xsl:otherwise>\n                </xsl:choose>\n            </xsl:variable>",
        "type": "Variable",
        "assetClass": "Credit",
        "dependencies_list": [
            {"type": "Template", "name": "FormatCurrency"},
            {"type": "Field Reference", "name": "C_CURRENCY"}
        ],
        "xpath_strings": [
            "/jfsa/trade/amount",
            "/jfsa/currency"
        ]
    },
     {
        "name": "N_NOTIONAL_AMOUNT",
        "sourceFile": "JFSA_CR_Field.xslt",
        "codeSnippet": "",
        "type": "Variable",
        "assetClass": "ForeignExchange",
        "dependencies_list": [
            {"type": "Template", "name": "FormatCurrency"},
            {"type": "Field Reference", "name": "C_CURRENCY"}
        ],
        "xpath_strings": [
            "/jfsa/trade/amount",
            "/jfsa/currency"
        ]
    },
    {
        "name": "C_CURRENCY",
        "sourceFile": "JFSA_FX_Field.xslt",
        "codeSnippet": "",
        "type": "Variable",
        "assetClass": "FX",
        "dependencies_list": [
            {"type": "Variable", "name": "DEFAULT_CURRENCY_JFSA"}
        ],
        "xpath_strings": [
            "/jfsa/baseCurrency"
        ]
    }
]